0.001,0,0.000002
0.002,0,0.000008
0.003,0,0.000018
0.004,0,0.000032
0.005,0,0.00005
0.006,0,0.000072
0.007,0,0.000098
0.008,0,0.000128
0.009,0,0.000162
0.01,0,0.0002
0.011,0,0.000242
0.012,0,0.000288
0.013,0,0.000338
0.014,0,0.000392
0.015,0,0.00045
0.016,0,0.000512
0.017,0,0.000578
0.018,0,0.000648
0.019,0,0.000722
0.02,0,0.0008
0.021,0,0.000882
0.022,0,0.000968
0.023,0,0.001058
0.024,0,0.001152
0.025,0,0.00125
0.026,0,0.001352
0.027,0,0.001458
0.028,0,0.001568
0.029,0,0.001682
0.03,0,0.0018
0.031,0,0.001922
0.032,0,0.002048
0.033,0,0.002178
0.034,0,0.002312
0.035,0,0.00245
0.036,0,0.002592
0.037,0,0.002738
0.038,0,0.002888
0.039,0,0.003042
0.04,0,0.0032
0.041,0,0.003362
0.042,0,0.003528
0.043,0,0.003698
0.044,0,0.003872
0.045,0,0.00405
0.046,0,0.004232
0.047,0,0.004418
0.048,0,0.004608
0.049,0,0.004802
0.05,0,0.005
0.051,0,0.005202
0.052,0,0.005408
0.053,0,0.005618
0.054,0,0.005832
0.055,0,0.00605
0.056,0,0.006272
0.057,0,0.006498
0.058,0,0.006728
0.059,0,0.006962
0.06,0,0.0072
0.061,0,0.007442
0.062,0,0.007688
0.063,0,0.007938
0.064,0,0.008192
0.065,0,0.00845
0.066,0,0.008712
0.067,0,0.008978
0.068,0,0.009248
0.069,0,0.009522
0.07,0,0.0098
0.071,0,0.010082
0.072,0,0.010368
0.073,0,0.010658
0.074,0,0.010952
0.075,0,0.01125
0.076,0,0.011552
0.077,0,0.011858
0.078,0,0.012168
0.079,0,0.012482
0.08,0,0.0128
0.081,0,0.013122
0.082,0,0.013448
0.083,0,0.013778
0.084,0,0.014112
0.085,0,0.01445
0.086,0,0.014792
0.087,0,0.015138
0.088,0,0.015488
0.089,0,0.015842
0.09,0,0.0162
0.091,0,0.016562
0.092,0,0.016928
0.093,0,0.017298
0.094,0,0.017672
0.095,0,0.01805
0.096,0,0.018432
0.097,0,0.018818
0.098,0,0.019208
0.099,0,0.019602
0.1,0,0.02
0.101,0,0.020402
0.102,0,0.020808
0.103,0,0.021218
0.104,0,0.021632
0.105,0,0.02205
0.106,0,0.022472
0.107,0,0.022898
0.108,0,0.023328
0.109,0,0.023762
0.11,0,0.0242
0.111,0,0.024642
0.112,0,0.025088
0.113,0,0.025538
0.114,0,0.025992
0.115,0,0.02645
0.116,0,0.026912
0.117,0,0.027378
0.118,0,0.027848
0.119,0,0.028322
0.12,0,0.0288
0.121,0,0.029282
0.122,0,0.029768
0.123,0,0.030258
0.124,0,0.030752
0.125,0,0.03125
0.126,0,0.031752
0.127,0,0.032258
0.128,0,0.032768
0.129,0,0.033282
0.13,0,0.0338
0.131,0,0.034322
0.132,0,0.034848
0.133,0,0.035378
0.134,0,0.035912
0.135,0,0.03645
0.136,0,0.036992
0.137,0,0.037538
0.138,0,0.038088
0.139,0,0.038642
0.14,0,0.0392
0.141,0,0.039762
0.142,0,0.040328
0.143,0,0.040898
0.144,0,0.041472
0.145,0,0.04205
0.146,0,0.042632
0.147,0,0.043218
0.148,0,0.043808
0.149,0,0.044402
0.15,0,0.045
0.151,0,0.045602
0.152,0,0.046208
0.153,0,0.046818
0.154,0,0.047432
0.155,0,0.04805
0.156,0,0.048672
0.157,0,0.049298
0.158,0,0.049928
0.159,0,0.050562
0.16,0,0.0512
0.161,0,0.051842
0.162,0,0.052488
0.163,0,0.053138
0.164,0,0.053792
0.165,0,0.05445
0.166,0,0.055112
0.167,0,0.055778
0.168,0,0.056448
0.169,0,0.057122
0.17,0,0.0578
0.171,0,0.058482
0.172,0,0.059168
0.173,0,0.059858
0.174,0,0.060552
0.175,0,0.06125
0.176,0,0.061952
0.177,0,0.062658
0.178,0,0.063368
0.179,0,0.064082
0.18,0,0.0648
0.181,0,0.065522
0.182,0,0.066248
0.183,0,0.066978
0.184,0,0.067712
0.185,0,0.06845
0.186,0,0.069192
0.187,0,0.069938
0.188,0,0.070688
0.189,0,0.071442
0.19,0,0.0722
0.191,0,0.072962
0.192,0,0.073728
0.193,0,0.074498
0.194,0,0.075272
0.195,0,0.07605
0.196,0,0.076832
0.197,0,0.077618
0.198,0,0.078408
0.199,0,0.079202
0.2,0,0.08
0.201,0,0.080802
0.202,0,0.081608
0.203,0,0.082418
0.204,0,0.083232
0.205,0,0.08405
0.206,0,0.084872
0.207,0,0.085698
0.208,0,0.086528
0.209,0,0.087362
0.21,0,0.0882
0.211,0,0.089042
0.212,0,0.089888
0.213,0,0.090738
0.214,0,0.091592
0.215,0,0.09245
0.216,0,0.093312
0.217,0,0.094178
0.218,0,0.095048
0.219,0,0.095922
0.22,0,0.0968
0.221,0,0.097682
0.222,0,0.098568
0.223,0,0.099458
0.224,0,0.100352
0.225,0,0.10125
0.226,0,0.102152
0.227,0,0.103058
0.228,0,0.103968
0.229,0,0.104882
0.23,0,0.1058
0.231,0,0.106722
0.232,0,0.107648
0.233,0,0.108578
0.234,0,0.109512
0.235,0,0.11045
0.236,0,0.111392
0.237,0,0.112338
0.238,0,0.113288
0.239,0,0.114242
0.24,0,0.1152
0.241,0,0.116162
0.242,0,0.117128
0.243,0,0.118098
0.244,0,0.119072
0.245,0,0.12005
0.246,0,0.121032
0.247,0,0.122018
0.248,0,0.123008
0.249,0,0.124002
0.25,0,0.125
0.251,0,0.126002
0.252,0,0.127008
0.253,0,0.128018
0.254,0,0.129032
0.255,0,0.13005
0.256,0,0.131072
0.257,0,0.132098
0.258,0,0.133128
0.259,0,0.134162
0.26,0,0.1352
0.261,0,0.136242
0.262,0,0.137288
0.263,0,0.138338
0.264,0,0.139392
0.265,0,0.14045
0.266,0,0.141512
0.267,0,0.142578
0.268,0,0.143648
0.269,0,0.144722
0.27,0,0.1458
0.271,0,0.146882
0.272,0,0.147968
0.273,0,0.149058
0.274,0,0.150152
0.275,0,0.15125
0.276,0,0.152352
0.277,0,0.153458
0.278,0,0.154568
0.279,0,0.155682
0.28,0,0.1568
0.281,0,0.157922
0.282,0,0.159048
0.283,0,0.160178
0.284,0,0.161312
0.285,0,0.16245
0.286,0,0.163592
0.287,0,0.164738
0.288,0,0.165888
0.289,0,0.167042
0.29,0,0.1682
0.291,0,0.169362
0.292,0,0.170528
0.293,0,0.171698
0.294,0,0.172872
0.295,0,0.17405
0.296,0,0.175232
0.297,0,0.176418
0.298,0,0.177608
0.299,0,0.178802
0.3,0,0.18
0.301,0,0.181202
0.302,0,0.182408
0.303,0,0.183618
0.304,0,0.184832
0.305,0,0.18605
0.306,0,0.187272
0.307,0,0.188498
0.308,0,0.189728
0.309,0,0.190962
0.31,0,0.1922
0.311,0,0.193442
0.312,0,0.194688
0.313,0,0.195938
0.314,0,0.197192
0.315,0,0.19845
0.316,0,0.199712
0.317,0,0.200978
0.318,0,0.202248
0.319,0,0.203522
0.32,0,0.2048
0.321,0,0.206082
0.322,0,0.207368
0.323,0,0.208658
0.324,0,0.209952
0.325,0,0.21125
0.326,0,0.212552
0.327,0,0.213858
0.328,0,0.215168
0.329,0,0.216482
0.33,0,0.2178
0.331,0,0.219122
0.332,0,0.220448
0.333,0,0.221778
0.334,0,0.223112
0.335,0,0.22445
0.336,0,0.225792
0.337,0,0.227138
0.338,0,0.228488
0.339,0,0.229842
0.34,0,0.2312
0.341,0,0.232562
0.342,0,0.233928
0.343,0,0.235298
0.344,0,0.236672
0.345,0,0.23805
0.346,0,0.239432
0.347,0,0.240818
0.348,0,0.242208
0.349,0,0.243602
0.35,0,0.245
0.351,0,0.246402
0.352,0,0.247808
0.353,0,0.249218
0.354,0,0.250632
0.355,0,0.25205
0.356,0,0.253472
0.357,0,0.254898
0.358,0,0.256328
0.359,0,0.257762
0.36,0,0.2592
0.361,0,0.260642
0.362,0,0.262088
0.363,0,0.263538
0.364,0,0.264992
0.365,0,0.26645
0.366,0,0.267912
0.367,0,0.269378
0.368,0,0.270848
0.369,0,0.272322
0.37,0,0.2738
0.371,0,0.275282
0.372,0,0.276768
0.373,0,0.278258
0.374,0,0.279752
0.375,0,0.28125
0.376,0,0.282752
0.377,0,0.284258
0.378,0,0.285768
0.379,0,0.287282
0.38,0,0.2888
0.381,0,0.290322
0.382,0,0.291848
0.383,0,0.293378
0.384,0,0.294912
0.385,0,0.29645
0.386,0,0.297992
0.387,0,0.299538
0.388,0,0.301088
0.389,0,0.302642
0.39,0,0.3042
0.391,0,0.305762
0.392,0,0.307328
0.393,0,0.308898
0.394,0,0.310472
0.395,0,0.31205
0.396,0,0.313632
0.397,0,0.315218
0.398,0,0.316808
0.399,0,0.318402
0.4,0,0.32
0.401,0,0.321602
0.402,0,0.323208
0.403,0,0.324818
0.404,0,0.326432
0.405,0,0.32805
0.406,0,0.329672
0.407,0,0.331298
0.408,0,0.332928
0.409,0,0.334562
0.41,0,0.3362
0.411,0,0.337842
0.412,0,0.339488
0.413,0,0.341138
0.414,0,0.342792
0.415,0,0.34445
0.416,0,0.346112
0.417,0,0.347778
0.418,0,0.349448
0.419,0,0.351122
0.42,0,0.3528
0.421,0,0.354482
0.422,0,0.356168
0.423,0,0.357858
0.424,0,0.359552
0.425,0,0.36125
0.426,0,0.362952
0.427,0,0.364658
0.428,0,0.366368
0.429,0,0.368082
0.43,0,0.3698
0.431,0,0.371522
0.432,0,0.373248
0.433,0,0.374978
0.434,0,0.376712
0.435,0,0.37845
0.436,0,0.380192
0.437,0,0.381938
0.438,0,0.383688
0.439,0,0.385442
0.44,0,0.3872
0.441,0,0.388962
0.442,0,0.390728
0.443,0,0.392498
0.444,0,0.394272
0.445,0,0.39605
0.446,0,0.397832
0.447,0,0.399618
0.448,0,0.401408
0.449,0,0.403202
0.45,0,0.405
0.451,0,0.406802
0.452,0,0.408608
0.453,0,0.410418
0.454,0,0.412232
0.455,0,0.41405
0.456,0,0.415872
0.457,0,0.417698
0.458,0,0.419528
0.459,0,0.421362
0.46,0,0.4232
0.461,0,0.425042
0.462,0,0.426888
0.463,0,0.428738
0.464,0,0.430592
0.465,0,0.43245
0.466,0,0.434312
0.467,0,0.436178
0.468,0,0.438048
0.469,0,0.439922
0.47,0,0.4418
0.471,0,0.443682
0.472,0,0.445568
0.473,0,0.447458
0.474,0,0.449352
0.475,0,0.45125
0.476,0,0.453152
0.477,0,0.455058
0.478,0,0.456968
0.479,0,0.458882
0.48,0,0.4608
0.481,0,0.462722
0.482,0,0.464648
0.483,0,0.466578
0.484,0,0.468512
0.485,0,0.47045
0.486,0,0.472392
0.487,0,0.474338
0.488,0,0.476288
0.489,0,0.478242
0.49,0,0.4802
0.491,0,0.482162
0.492,0,0.484128
0.493,0,0.486098
0.494,0,0.488072
0.495,0,0.49005
0.496,0,0.492032
0.497,0,0.494018
0.498,0,0.496008
0.499,0,0.498002
0.5,0,0.5
0.501,0,0.502002
0.502,0,0.504008
0.503,0,0.506018
0.504,0,0.508032
0.505,0,0.51005
0.506,0,0.512072
0.507,0,0.514098
0.508,0,0.516128
0.509,0,0.518162
0.51,0,0.5202
0.511,0,0.522242
0.512,0,0.524288
0.513,0,0.526338
0.514,0,0.528392
0.515,0,0.53045
0.516,0,0.532512
0.517,0,0.534578
0.518,0,0.536648
0.519,0,0.538722
0.52,0,0.5408
0.521,0,0.542882
0.522,0,0.544968
0.523,0,0.547058
0.524,0,0.549152
0.525,0,0.55125
0.526,0,0.553352
0.527,0,0.555458
0.528,0,0.557568
0.529,0,0.559682
0.53,0,0.5618
0.531,0,0.563922
0.532,0,0.566048
0.533,0,0.568178
0.534,0,0.570312
0.535,0,0.57245
0.536,0,0.574592
0.537,0,0.576738
0.538,0,0.578888
0.539,0,0.581042
0.54,0,0.5832
0.541,0,0.585362
0.542,0,0.587528
0.543,0,0.589698
0.544,0,0.591872
0.545,0,0.59405
0.546,0,0.596232
0.547,0,0.598418
0.548,0,0.600608
0.549,0,0.602802
0.55,0,0.605
0.551,0,0.607202
0.552,0,0.609408
0.553,0,0.611618
0.554,0,0.613832
0.555,0,0.61605
0.556,0,0.618272
0.557,0,0.620498
0.558,0,0.622728
0.559,0,0.624962
0.56,0,0.6272
0.561,0,0.629442
0.562,0,0.631688
0.563,0,0.633938
0.564,0,0.636192
0.565,0,0.63845
0.566,0,0.640712
0.567,0,0.642978
0.568,0,0.645248
0.569,0,0.647522
0.57,0,0.6498
0.571,0,0.652082
0.572,0,0.654368
0.573,0,0.656658
0.574,0,0.658952
0.575,0,0.66125
0.576,0,0.663552
0.577,0,0.665858
0.578,0,0.668168
0.579,0,0.670482
0.58,0,0.6728
0.581,0,0.675122
0.582,0,0.677448
0.583,0,0.679778
0.584,0,0.682112
0.585,0,0.68445
0.586,0,0.686792
0.587,0,0.689138
0.588,0,0.691488
0.589,0,0.693842
0.59,0,0.6962
0.591,0,0.698562
0.592,0,0.700928
0.593,0,0.703298
0.594,0,0.705672
0.595,0,0.70805
0.596,0,0.710432
0.597,0,0.712818
0.598,0,0.715208
0.599,0,0.717602
0.6,0,0.72
0.601,0,0.722402
0.602,0,0.724808
0.603,0,0.727218
0.604,0,0.729632
0.605,0,0.73205
0.606,0,0.734472
0.607,0,0.736898
0.608,0,0.739328
0.609,0,0.741762
0.61,0,0.7442
0.611,0,0.746642
0.612,0,0.749088
0.613,0,0.751538
0.614,0,0.753992
0.615,0,0.75645
0.616,0,0.758912
0.617,0,0.761378
0.618,0,0.763848
0.619,0,0.766322
0.62,0,0.7688
0.621,0,0.771282
0.622,0,0.773768
0.623,0,0.776258
0.624,0,0.778752
0.625,0,0.78125
0.626,0,0.783752
0.627,0,0.786258
0.628,0,0.788768
0.629,0,0.791282
0.63,0,0.7938
0.631,0,0.796322
0.632,0,0.798848
0.633,0,0.801378
0.634,0,0.803912
0.635,0,0.80645
0.636,0,0.808992
0.637,0,0.811538
0.638,0,0.814088
0.639,0,0.816642
0.64,0,0.8192
0.641,0,0.821762
0.642,0,0.824328
0.643,0,0.826898
0.644,0,0.829472
0.645,0,0.83205
0.646,0,0.834632
0.647,0,0.837218
0.648,0,0.839808
0.649,0,0.842402
0.65,0,0.845
0.651,0,0.847602
0.652,0,0.850208
0.653,0,0.852818
0.654,0,0.855432
0.655,0,0.85805
0.656,0,0.860672
0.657,0,0.863298
0.658,0,0.865928
0.659,0,0.868562
0.66,0,0.8712
0.661,0,0.873842
0.662,0,0.876488
0.663,0,0.879138
0.664,0,0.881792
0.665,0,0.88445
0.666,0,0.887112
0.667,0,0.889778
0.668,0,0.892448
0.669,0,0.895122
0.67,0,0.8978
0.671,0,0.900482
0.672,0,0.903168
0.673,0,0.905858
0.674,0,0.908552
0.675,0,0.91125
0.676,0,0.913952
0.677,0,0.916658
0.678,0,0.919368
0.679,0,0.922082
0.68,0,0.9248
0.681,0,0.927522
0.682,0,0.930248
0.683,0,0.932978
0.684,0,0.935712
0.685,0,0.93845
0.686,0,0.941192
0.687,0,0.943938
0.688,0,0.946688
0.689,0,0.949442
0.69,0,0.9522
0.691,0,0.954962
0.692,0,0.957728
0.693,0,0.960498
0.694,0,0.963272
0.695,0,0.96605
0.696,0,0.968832
0.697,0,0.971618
0.698,0,0.974408
0.699,0,0.977202
0.7,0,0.98
0.701,0,0.982802
0.702,0,0.985608
0.703,0,0.988418
0.704,0,0.991232
0.705,0,0.99405
0.706,0,0.996872
0.707,0,0.999698
0.708,0,1.002528
0.709,0,1.005362
0.71,0,1.0082
0.711,0,1.011042
0.712,0,1.013888
0.713,0,1.016738
0.714,0,1.019592
0.715,0,1.02245
0.716,0,1.025312
0.717,0,1.028178
0.718,0,1.031048
0.719,0,1.033922
0.72,0,1.0368
0.721,0,1.039682
0.722,0,1.042568
0.723,0,1.045458
0.724,0,1.048352
0.725,0,1.05125
0.726,0,1.054152
0.727,0,1.057058
0.728,0,1.059968
0.729,0,1.062882
0.73,0,1.0658
0.731,0,1.068722
0.732,0,1.071648
0.733,0,1.074578
0.734,0,1.077512
0.735,0,1.08045
0.736,0,1.083392
0.737,0,1.086338
0.738,0,1.089288
0.739,0,1.092242
0.74,0,1.0952
0.741,0,1.098162
0.742,0,1.101128
0.743,0,1.104098
0.744,0,1.107072
0.745,0,1.11005
0.746,0,1.113032
0.747,0,1.116018
0.748,0,1.119008
0.749,0,1.122002
0.75,0,1.125
0.751,0,1.128002
0.752,0,1.131008
0.753,0,1.134018
0.754,0,1.137032
0.755,0,1.14005
0.756,0,1.143072
0.757,0,1.146098
0.758,0,1.149128
0.759,0,1.152162
0.76,0,1.1552
0.761,0,1.158242
0.762,0,1.161288
0.763,0,1.164338
0.764,0,1.167392
0.765,0,1.17045
0.766,0,1.173512
0.767,0,1.176578
0.768,0,1.179648
0.769,0,1.182722
0.77,0,1.1858
0.771,0,1.188882
0.772,0,1.191968
0.773,0,1.195058
0.774,0,1.198152
0.775,0,1.20125
0.776,0,1.204352
0.777,0,1.207458
0.778,0,1.210568
0.779,0,1.213682
0.78,0,1.2168
0.781,0,1.219922
0.782,0,1.223048
0.783,0,1.226178
0.784,0,1.229312
0.785,0,1.23245
0.786,0,1.235592
0.787,0,1.238738
0.788,0,1.241888
0.789,0,1.245042
0.79,0,1.2482
0.791,0,1.251362
0.792,0,1.254528
0.793,0,1.257698
0.794,0,1.260872
0.795,0,1.26405
0.796,0,1.267232
0.797,0,1.270418
0.798,0,1.273608
0.799,0,1.276802
0.8,0,1.28
0.801,0,1.283202
0.802,0,1.286408
0.803,0,1.289618
0.804,0,1.292832
0.805,0,1.29605
0.806,0,1.299272
0.807,0,1.302498
0.808,0,1.305728
0.809,0,1.308962
0.81,0,1.3122
0.811,0,1.315442
0.812,0,1.318688
0.813,0,1.321938
0.814,0,1.325192
0.815,0,1.32845
0.816,0,1.331712
0.817,0,1.334978
0.818,0,1.338248
0.819,0,1.341522
0.82,0,1.3448
0.821,0,1.348082
0.822,0,1.351368
0.823,0,1.354658
0.824,0,1.357952
0.825,0,1.36125
0.826,0,1.364552
0.827,0,1.367858
0.828,0,1.371168
0.829,0,1.374482
0.83,0,1.3778
0.831,0,1.381122
0.832,0,1.384448
0.833,0,1.387778
0.834,0,1.391112
0.835,0,1.39445
0.836,0,1.397792
0.837,0,1.401138
0.838,0,1.404488
0.839,0,1.407842
0.84,0,1.4112
0.841,0,1.414562
0.842,0,1.417928
0.843,0,1.421298
0.844,0,1.424672
0.845,0,1.42805
0.846,0,1.431432
0.847,0,1.434818
0.848,0,1.438208
0.849,0,1.441602
0.85,0,1.445
0.851,0,1.448402
0.852,0,1.451808
0.853,0,1.455218
0.854,0,1.458632
0.855,0,1.46205
0.856,0,1.465472
0.857,0,1.468898
0.858,0,1.472328
0.859,0,1.475762
0.86,0,1.4792
0.861,0,1.482642
0.862,0,1.486088
0.863,0,1.489538
0.864,0,1.492992
0.865,0,1.49645
0.866,0,1.499912
0.867,0,1.503378
0.868,0,1.506848
0.869,0,1.510322
0.87,0,1.5138
0.871,0,1.517282
0.872,0,1.520768
0.873,0,1.524258
0.874,0,1.527752
0.875,0,1.53125
0.876,0,1.534752
0.877,0,1.538258
0.878,0,1.541768
0.879,0,1.545282
0.88,0,1.5488
0.881,0,1.552322
0.882,0,1.555848
0.883,0,1.559378
0.884,0,1.562912
0.885,0,1.56645
0.886,0,1.569992
0.887,0,1.573538
0.888,0,1.577088
0.889,0,1.580642
0.89,0,1.5842
0.891,0,1.587762
0.892,0,1.591328
0.893,0,1.594898
0.894,0,1.598472
0.895,0,1.60205
0.896,0,1.605632
0.897,0,1.609218
0.898,0,1.612808
0.899,0,1.616402
0.9,0,1.62
0.901,0,1.623602
0.902,0,1.627208
0.903,0,1.630818
0.904,0,1.634432
0.905,0,1.63805
0.906,0,1.641672
0.907,0,1.645298
0.908,0,1.648928
0.909,0,1.652562
0.91,0,1.6562
0.911,0,1.659842
0.912,0,1.663488
0.913,0,1.667138
0.914,0,1.670792
0.915,0,1.67445
0.916,0,1.678112
0.917,0,1.681778
0.918,0,1.685448
0.919,0,1.689122
0.92,0,1.6928
0.921,0,1.696482
0.922,0,1.700168
0.923,0,1.703858
0.924,0,1.707552
0.925,0,1.71125
0.926,0,1.714952
0.927,0,1.718658
0.928,0,1.722368
0.929,0,1.726082
0.93,0,1.7298
0.931,0,1.733522
0.932,0,1.737248
0.933,0,1.740978
0.934,0,1.744712
0.935,0,1.74845
0.936,0,1.752192
0.937,0,1.755938
0.938,0,1.759688
0.939,0,1.763442
0.94,0,1.7672
0.941,0,1.770962
0.942,0,1.774728
0.943,0,1.778498
0.944,0,1.782272
0.945,0,1.78605
0.946,0,1.789832
0.947,0,1.793618
0.948,0,1.797408
0.949,0,1.801202
0.95,0,1.805
0.951,0,1.808802
0.952,0,1.812608
0.953,0,1.816418
0.954,0,1.820232
0.955,0,1.82405
0.956,0,1.827872
0.957,0,1.831698
0.958,0,1.835528
0.959,0,1.839362
0.96,0,1.8432
0.961,0,1.847042
0.962,0,1.850888
0.963,0,1.854738
0.964,0,1.858592
0.965,0,1.86245
0.966,0,1.866312
0.967,0,1.870178
0.968,0,1.874048
0.969,0,1.877922
0.97,0,1.8818
0.971,0,1.885682
0.972,0,1.889568
0.973,0,1.893458
0.974,0,1.897352
0.975,0,1.90125
0.976,0,1.905152
0.977,0,1.909058
0.978,0,1.912968
0.979,0,1.916882
0.98,0,1.9208
0.981,0,1.924722
0.982,0,1.928648
0.983,0,1.932578
0.984,0,1.936512
0.985,0,1.94045
0.986,0,1.944392
0.987,0,1.948338
0.988,0,1.952288
0.989,0,1.956242
0.99,0,1.9602
0.991,0,1.964162
0.992,0,1.968128
0.993,0,1.972098
0.994,0,1.976072
0.995,0,1.98005
0.996,0,1.984032
0.997,0,1.988018
0.998,0,1.992008
0.999,0,1.996002
1,0,2
0.928184197,0.928184197,2.584577709
0.80555214,0.80555214,1.946742751
0.354309741,0.354309741,0.376606178
0.264968371,0.264968371,0.210624712
0.39464684,0.39464684,0.467238385
0.249616589,0.249616589,0.186925324
0.084430498,0.084430498,0.021385527
0.627774546,0.627774546,1.182302642
0.963602309,0.963602309,2.785588228
0.309985917,0.309985917,0.288273805
0.113837368,0.113837368,0.038876839
0.818808511,0.818808511,2.011342131
0.676377051,0.676377051,1.372457746
0.182000676,0.182000676,0.099372738
0.3262403,0.3262403,0.319298199
0.867493598,0.867493598,2.257635428
0.360238562,0.360238562,0.389315465
0.562851832,0.562851832,0.950406556
0.619320056,0.619320056,1.150671995
0.802819568,0.802819568,1.933557775
0.294102414,0.294102414,0.259488691
0.54582918,0.54582918,0.89378848
0.740221508,0.740221508,1.643783644
0.777201346,0.777201346,1.812125798
0.919054973,0.919054973,2.533986132
0.259822081,0.259822081,0.202522541
0.741307892,0.741307892,1.648612171
0.606346729,0.606346729,1.102969066
0.528507196,0.528507196,0.837959567
0.930840442,0.930840442,2.599391786
0.475466628,0.475466628,0.678205542
0.844702272,0.844702272,2.140565785
0.017086281,0.017086281,0.000875823
0.785335826,0.785335826,1.850257077
0.534940036,0.534940036,0.858482527
0.759705862,0.759705862,1.731458991
0.727703329,0.727703329,1.588656407
0.016297796,0.016297796,0.000796854
0.381851472,0.381851472,0.437431639
0.122083178,0.122083178,0.044712907
0.53081596,0.53081596,0.845296752
0.795521465,0.795521465,1.898563205
0.380793714,0.380793714,0.435011558
0.571875759,0.571875759,0.981125652
0.276023509,0.276023509,0.228566932
0.576433827,0.576433827,0.99682787
0.12571636,0.12571636,0.047413809
0.786289605,0.786289605,1.854754029
0.577782501,0.577782501,1.001497856
0.995248816,0.995248816,2.971560616
0.428558722,0.428558722,0.550987734
0.646335801,0.646335801,1.253249902
0.215513805,0.215513805,0.1393386
0.422751059,0.422751059,0.536155373
0.032605145,0.032605145,0.003189287
0.482673777,0.482673777,0.698921924
0.063963048,0.063963048,0.012273815
0.125991518,0.125991518,0.047621588
0.38058253,0.38058253,0.434529186
0.198810308,0.198810308,0.118576616
0.082373959,0.082373959,0.020356407
0.172655267,0.172655267,0.089429524
0.178185719,0.178185719,0.095250451
0.120705676,0.120705676,0.043709581
0.355104195,0.355104195,0.378296967
0.069467302,0.069467302,0.014477118
0.658813199,0.658813199,1.302104493
0.087778168,0.087778168,0.02311502
0.784727088,0.784727088,1.847389806
0.560049449,0.560049449,0.940966155
0.970838237,0.970838237,2.827580648
0.895201831,0.895201831,2.404158956
0.957326657,0.957326657,2.749422986
0.466881472,0.466881472,0.653934926
0.691385351,0.691385351,1.43404111
0.48194388,0.48194388,0.69680971
0.444249455,0.444249455,0.592072736
0.180506237,0.180506237,0.097747504
0.444687225,0.444687225,0.593240184
0.232267079,0.232267079,0.161843988
0.737315741,0.737315741,1.630903506
0.236230388,0.236230388,0.167414388
0.302541093,0.302541093,0.274593339
0.917771125,0.917771125,2.526911512
0.588891352,0.588891352,1.040379075
0.781320806,0.781320806,1.831386603
0.92188503,0.92188503,2.549616026
0.125903698,0.125903698,0.047555223
0.226652693,0.226652693,0.15411433
0.295122783,0.295122783,0.261292371
0.483272308,0.483272308,0.700656372
0.265763611,0.265763611,0.211890891
0.917032426,0.917032426,2.52284541
0.701142085,0.701142085,1.474800668
0.86958679,0.86958679,2.268543556
0.204907124,0.204907124,0.125960788
0.30081542,0.30081542,0.271469751
0.974464131,0.974464131,2.848741026
0.461047462,0.461047462,0.637694287
0.477424449,0.477424449,0.683802315
0.669446796,0.669446796,1.344477036
0.082837431,0.082837431,0.02058612
0.498012672,0.498012672,0.744049865
0.922772757,0.922772757,2.554528682
0.655268633,0.655268633,1.288130942
0.818709229,0.818709229,2.010854407
0.228946716,0.228946716,0.157249797
0.917557606,0.917557606,2.52573588
0.12625397,0.12625397,0.047820195
0.2065076,0.2065076,0.127936167
0.07722558,0.07722558,0.017891371
0.540451867,0.540451867,0.876264662
0.67804925,0.67804925,1.379252357
0.506362327,0.506362327,0.76920842
0.742918635,0.742918635,1.655784295
0.015169124,0.015169124,0.000690307
0.89537932,0.89537932,2.405112378
0.266721234,0.266721234,0.21342065
0.741795811,0.741795811,1.650783077
0.716753431,0.716753431,1.541206441
0.43973815,0.43973815,0.580108922
0.384948625,0.384948625,0.444556333
0.699364099,0.699364099,1.467330428
0.282727227,0.282727227,0.239804054
0.686603671,0.686603671,1.414273804
0.599156816,0.599156816,1.076966672
0.876251927,0.876251927,2.303452318
0.280947229,0.280947229,0.236794037
0.363761962,0.363761962,0.396968295
0.183613299,0.183613299,0.101141531
0.587568475,0.587568475,1.03571014
0.568829183,0.568829183,0.970699917
0.833899613,0.833899613,2.086165693
0.625876305,0.625876305,1.175163448
0.120898184,0.120898184,0.043849113
0.254211375,0.254211375,0.19387027
0.701971537,0.701971537,1.478292117
0.668788711,0.668788711,1.341835022
0.735179248,0.735179248,1.62146558
0.188067952,0.188067952,0.106108664
0.100572485,0.100572485,0.030344474
0.42625754,0.42625754,0.545086472
0.449024948,0.449024948,0.604870211
0.55462097,0.55462097,0.92281326
0.487838964,0.487838964,0.713960565
0.772247925,0.772247925,1.789100575
0.597365353,0.597365353,1.070536095
0.617547162,0.617547162,1.144093491
0.692673835,0.692673835,1.439391127
0.767609597,0.767609597,1.76767348
0.733997423,0.733997423,1.616256652
0.020423723,0.020423723,0.001251385
0.254689287,0.254689287,0.194599899
0.435465662,0.435465662,0.568891027
0.672259297,0.672259297,1.355797686
0.279535153,0.279535153,0.234419705
0.352500092,0.352500092,0.372768945
0.302080628,0.302080628,0.273758117
0.330502788,0.330502788,0.327696278
0.931969635,0.931969635,2.605702204
0.16002558,0.16002558,0.076824559
0.171913183,0.171913183,0.088662428
0.309037921,0.309037921,0.286513309
0.383428421,0.383428421,0.441052061
0.140466689,0.140466689,0.059192672
0.022742244,0.022742244,0.001551629
0.327806643,0.327806643,0.322371585
0.14570709,0.14570709,0.063691668
0.194658741,0.194658741,0.113676076
0.43089808,0.43089808,0.557019465
0.970745268,0.970745268,2.827039126
0.165053352,0.165053352,0.081727827
0.893558307,0.893558307,2.395339345
0.592053199,0.592053199,1.05158097
0.440067338,0.440067338,0.580977785
0.474038773,0.474038773,0.674138276
0.829775923,0.829775923,2.06558425
0.041019641,0.041019641,0.005047833
0.614730754,0.614730754,1.133681701
0.117917552,0.117917552,0.041713647
0.818470427,0.818470427,2.00968152
0.085146188,0.085146188,0.02174962
0.085365727,0.085365727,0.021861922
0.871509966,0.871509966,2.278588863
0.460032721,0.460032721,0.634890313
0.832113532,0.832113532,2.077238789
0.645024663,0.645024663,1.248170447
0.892221001,0.892221001,2.388174945
0.09178992,0.09178992,0.025276168
0.317164837,0.317164837,0.301780601
0.654848081,0.654848081,1.286478028
0.363171408,0.363171408,0.395680415
0.33974792,0.33974792,0.346285947
0.2072525,0.2072525,0.128860796
0.131728061,0.131728061,0.052056846
0.880819743,0.880819743,2.32753026
0.798836953,0.798836953,1.914421433
0.159160751,0.159160751,0.075996434
0.220908044,0.220908044,0.146401091
0.574627977,0.574627977,0.990591937
0.110413934,0.110413934,0.036573711
0.091294607,0.091294607,0.025004116
0.137190333,0.137190333,0.056463563
0.277478412,0.277478412,0.230982807
0.353684876,0.353684876,0.375278975
0.961835377,0.961835377,2.775381879
0.968768309,0.968768309,2.815536107
0.609215313,0.609215313,1.113429892
0.834368372,0.834368372,2.088511742
0.015747016,0.015747016,0.000743905
0.744845204,0.744845204,1.664383136
0.51325054,0.51325054,0.790278352
0.632301879,0.632301879,1.199416997
0.147655414,0.147655414,0.065406364
0.514170531,0.514170531,0.793114005
0.124273229,0.124273229,0.046331506
0.043586475,0.043586475,0.005699342
0.152355172,0.152355172,0.069636296
0.138180061,0.138180061,0.057281188
0.832924154,0.832924154,2.081287937
0.335806401,0.335806401,0.338297816
0.735808002,0.735808002,1.624240249
0.150719453,0.150719453,0.06814906
0.025887458,0.025887458,0.002010482
0.714534134,0.714534134,1.531677086
0.143559747,0.143559747,0.061828203
0.94596874,0.94596874,2.684570573
0.29774147,0.29774147,0.265949949
0.086974048,0.086974048,0.022693455
0.327066649,0.327066649,0.320917778
0.435053712,0.435053712,0.567815196
0.962923928,0.962923928,2.781667475
0.501999384,0.501999384,0.756010146
0.70042894,0.70042894,1.471802099
0.844161889,0.844161889,2.137827886
0.931019806,0.931019806,2.60039364
0.365126235,0.365126235,0.399951503
0.846941781,0.846941781,2.151931139
0.713953488,0.713953488,1.529188748
0.104604399,0.104604399,0.032826241
0.048159116,0.048159116,0.006957901
0.331832868,0.331832868,0.330339158
0.59770753,0.59770753,1.071762876
0.497097211,0.497097211,0.74131691
0.843615464,0.843615464,2.135061152
0.719793266,0.719793266,1.554307037
0.209754831,0.209754831,0.131991267
0.107477035,0.107477035,0.034653939
0.09590914,0.09590914,0.02759569
0.978915064,0.978915064,2.874824106
0.822842404,0.822842404,2.031208866
0.529337117,0.529337117,0.840593349
0.701925982,0.701925982,1.478100251
0.202272962,0.202272962,0.122743053
0.096039173,0.096039173,0.027670568
0.637652473,0.637652473,1.219802029
0.985241134,0.985241134,2.912100277
0.16692951,0.16692951,0.083596384
0.153519402,0.153519402,0.070704621
0.582321996,0.582321996,1.017296723
0.984633623,0.984633623,2.908510115
0.119111634,0.119111634,0.042562744
0.925323303,0.925323303,2.568669644
0.604546037,0.604546037,1.096427732
0.854932437,0.854932437,2.192728417
0.575782303,0.575782303,0.994575782
0.024688282,0.024688282,0.001828534
0.539479268,0.539479268,0.873113643
0.035056556,0.035056556,0.003686886
0.431890403,0.431890403,0.559587961
0.127807128,0.127807128,0.049003986
0.581329357,0.581329357,1.013831464
0.540632899,0.540632899,0.876851794
0.790457753,0.790457753,1.874470379
0.503955556,0.503955556,0.761913607
0.199411794,0.199411794,0.119295191
0.178658532,0.178658532,0.095756613
0.420033266,0.420033266,0.529283833
0.724090967,0.724090967,1.572923184
0.495277035,0.495277035,0.735898025
0.898779545,0.898779545,2.42341401
0.645090128,0.645090128,1.248423818
0.801681991,0.801681991,1.928082045
0.780102151,0.780102151,1.825678099
0.898939553,0.898939553,2.424276962
0.906959187,0.906959187,2.467724899
0.533646661,0.533646661,0.854336275
0.704608743,0.704608743,1.489420444
0.403232706,0.403232706,0.487789846
0.773992241,0.773992241,1.797191969
0.922627987,0.922627987,2.553727207
0.188199266,0.188199266,0.106256891
0.387734501,0.387734501,0.45101413
0.110054399,0.110054399,0.036335912
0.447171281,0.447171281,0.599886463
0.057127045,0.057127045,0.009790498
0.013444285,0.013444285,0.000542246
0.989420002,0.989420002,2.936855824
0.451009998,0.451009998,0.610230055
0.801532202,0.801532202,1.927361611
0.755091664,0.755091664,1.710490262
0.076710255,0.076710255,0.01765339
0.477237363,0.477237363,0.683266501
0.933559888,0.933559888,2.614602192
0.590136042,0.590136042,1.044781644
0.173667928,0.173667928,0.090481648
0.885456819,0.885456819,2.352101336
0.17734265,0.17734265,0.094351246
0.636594921,0.636594921,1.21575928
0.811829429,0.811829429,1.977201063
0.71153287,0.71153287,1.518837077
0.524818316,0.524818316,0.826302795
0.549068741,0.549068741,0.904429447
0.470312966,0.470312966,0.663582857
0.949894386,0.949894386,2.706898036
0.953237685,0.953237685,2.725986252
0.257605521,0.257605521,0.199081814
0.942662278,0.942662278,2.66583651
0.269977182,0.269977182,0.218663037
0.432044464,0.432044464,0.559987257
0.517205856,0.517205856,0.802505693
0.905765757,0.905765757,2.46123482
0.962484982,0.962484982,2.779132022
0.53826345,0.53826345,0.869182624
0.315110022,0.315110022,0.297882978
0.960456192,0.960456192,2.767428287
0.29081514,0.29081514,0.253720336
0.134928689,0.134928689,0.054617253
0.327759119,0.327759119,0.322278121
0.299143217,0.299143217,0.268459993
0.823119733,0.823119733,2.032578287
0.389004253,0.389004253,0.453972926
0.583763872,0.583763872,1.022340773
0.823702958,0.823702958,2.03545969
0.059786996,0.059786996,0.010723455
0.225798706,0.225798706,0.152955167
0.088984062,0.088984062,0.02375449
0.664893834,0.664893834,1.326251432
0.891032114,0.891032114,2.381814683
0.04218829,0.04218829,0.005339555
0.062354126,0.062354126,0.011664111
0.660972939,0.660972939,1.310655677
0.460380979,0.460380979,0.635851938
0.077841642,0.077841642,0.018177964
0.531896092,0.531896092,0.848740357
0.999606946,0.999606946,2.997642141
0.971830481,0.971830481,2.833363449
0.501415069,0.501415069,0.754251214
0.217835914,0.217835914,0.142357457
0.201576841,0.201576841,0.121899669
0.308830586,0.308830586,0.286128992
0.136692197,0.136692197,0.05605427
0.15919073,0.15919073,0.076025066
0.451878583,0.451878583,0.612582762
0.769345538,0.769345538,1.775677671
0.045587509,0.045587509,0.006234663
0.441969786,0.441969786,0.586011875
0.091897088,0.091897088,0.025335224
0.374312921,0.374312921,0.420330488
0.207307969,0.207307969,0.128929782
0.95553919,0.95553919,2.739165433
0.104019127,0.104019127,0.032459936
0.493184898,0.493184898,0.729694031
0.284074037,0.284074037,0.242094175
0.464310848,0.464310848,0.646753692
0.434992154,0.434992154,0.567654522
0.253408251,0.253408251,0.192647225
0.505934782,0.505934782,0.76791001
0.872455082,0.872455082,2.28353361
0.412487604,0.412487604,0.510438069
0.810252911,0.810252911,1.969529337
0.462309451,0.462309451,0.641190085
0.476261896,0.476261896,0.680476181
0.206185487,0.206185487,0.127537365
0.574768446,0.574768446,0.9910763
0.099050341,0.099050341,0.02943291
0.007736344,0.007736344,0.000179553
0.274498644,0.274498644,0.226048517
0.984728274,0.984728274,2.909069322
0.057973327,0.057973327,0.01008272
0.408542977,0.408542977,0.500722091
0.405891716,0.405891716,0.494244255
0.495186794,0.495186794,0.735629881
0.456865669,0.456865669,0.626178718
0.844791475,0.844791475,2.14101791
0.075461524,0.075461524,0.017083325
0.187697005,0.187697005,0.105690497
0.066614531,0.066614531,0.013312487
0.17746831,0.17746831,0.094485003
0.64824497,0.64824497,1.260664625
0.296715775,0.296715775,0.264120753
0.227113269,0.227113269,0.15474131
0.441302916,0.441302916,0.584244792
0.87324545,0.87324545,2.287672849
0.669780493,0.669780493,1.345817728
0.41928685,0.41928685,0.527404388
0.331221778,0.331221778,0.329123598
0.263566372,0.263566372,0.208401697
0.930565156,0.930565156,2.597854528
0.528765693,0.528765693,0.838779475
0.077951992,0.077951992,0.018229539
0.365658689,0.365658689,0.401118831
0.375225123,0.375225123,0.422381679
0.614157573,0.614157573,1.131568575
0.538620037,0.538620037,0.870334632
0.281625022,0.281625022,0.237937959
0.700415193,0.700415193,1.471744327
0.246114718,0.246114718,0.181717363
0.08045751,0.08045751,0.019420233
0.094856454,0.094856454,0.02699324
0.924824167,0.924824167,2.565899219
0.166095892,0.166095892,0.082763536
0.295126253,0.295126253,0.261298516
0.803452176,0.803452176,1.936606199
0.903239359,0.903239359,2.447524016
0.114268842,0.114268842,0.039172105
0.175257126,0.175257126,0.092145181
0.298916933,0.298916933,0.268053999
0.910889555,0.910889555,2.489159345
0.897047784,0.897047784,2.414084183
0.319190541,0.319190541,0.305647805
0.773737931,0.773737931,1.79601116
0.395364255,0.395364255,0.468938683
0.724127687,0.724127687,1.573082719
0.640852443,0.640852443,1.232075562
0.207464009,0.207464009,0.129123945
0.928026767,0.928026767,2.583701043
0.180336317,0.180336317,0.097563562
0.720107956,0.720107956,1.555666404
0.374277617,0.374277617,0.420251204
0.574655422,0.574655422,0.990686563
0.589041624,0.589041624,1.040910106
0.826062883,0.826062883,2.047139659
0.560438673,0.560438673,0.94227452
0.870293871,0.870293871,2.272234267
0.59324964,0.59324964,1.055835407
0.740379566,0.740379566,1.644485706
0.335448459,0.335448459,0.337577005
0.183063091,0.183063091,0.100536285
0.822686173,0.822686173,2.030437617
0.806749196,0.806749196,1.952532796
0.395436908,0.395436908,0.469111044
0.178844059,0.178844059,0.095955593
0.162979157,0.162979157,0.079686617
0.82847514,0.82847514,2.059113175
0.447706145,0.447706145,0.601322378
0.46920736,0.46920736,0.660466639
0.410041595,0.410041595,0.504402329
0.806239413,0.806239413,1.950065973
0.136944285,0.136944285,0.056261212
0.332051179,0.332051179,0.330773957
0.564517022,0.564517022,0.956038406
0.250798221,0.250798221,0.188699243
0.007175055,0.007175055,0.000154444
0.072412011,0.072412011,0.015730498
0.763397102,0.763397102,1.748325406
0.270738223,0.270738223,0.219897556
0.995718848,0.995718848,2.974368074
0.061452655,0.061452655,0.011329286
0.987807609,0.987807609,2.927291616
0.910298735,0.910298735,2.48593136
0.759406643,0.759406643,1.730095346
0.549022594,0.549022594,0.904277426
0.852198537,0.852198537,2.178727037
0.462774058,0.462774058,0.642479486
0.388331834,0.388331834,0.452404841
0.172600913,0.172600913,0.089373225
0.84724157,0.84724157,2.153454832
0.759855682,0.759855682,1.732141974
0.03730869,0.03730869,0.004175815
0.295235109,0.295235109,0.261491309
0.675061741,0.675061741,1.367125062
0.254011301,0.254011301,0.193565224
0.015419148,0.015419148,0.00071325
0.692886334,0.692886334,1.440274414
0.048635987,0.048635987,0.007096378
0.737531543,0.737531543,1.631858332
0.715643726,0.715643726,1.536437826
0.252845773,0.252845773,0.191792954
0.536096697,0.536096697,0.862199005
0.80456267,0.80456267,1.941963272
0.777996379,0.777996379,1.815835096
0.162066478,0.162066478,0.07879663
0.013808544,0.013808544,0.000572028
0.612623013,0.612623013,1.125920869
0.627005783,0.627005783,1.179408755
0.42331198,0.42331198,0.537579098
0.517199638,0.517199638,0.802486397
0.786924268,0.786924268,1.857749411
0.229844482,0.229844482,0.158485458
0.201990245,0.201990245,0.122400178
0.771966995,0.771966995,1.787799124
0.933020731,0.933020731,2.611583053
0.342905919,0.342905919,0.352753408
0.483638692,0.483638692,0.701719153
0.17290079,0.17290079,0.08968405
0.530019208,0.530019208,0.842761084
0.416118969,0.416118969,0.519464989
0.769607309,0.769607309,1.77688623
0.354359335,0.354359335,0.376711615
0.357536456,0.357536456,0.383496951
0.047465338,0.047465338,0.006758875
0.573873994,0.573873994,0.987994084
0.824295817,0.824295817,2.038390782
0.669415209,0.669415209,1.344350166
0.717499244,0.717499244,1.544415496
0.956596937,0.956596937,2.745233098
0.13671657,0.13671657,0.056074262
0.63001707,0.63001707,1.190764524
0.84043773,0.84043773,2.119006735
0.473408225,0.473408225,0.672346044
0.311903804,0.311903804,0.29185195
0.79462372,0.79462372,1.894280569
0.483283539,0.483283539,0.700688937
0.951843515,0.951843515,2.718018231
0.174362958,0.174362958,0.091207323
0.446699198,0.446699198,0.59862052
0.494029911,0.494029911,0.73219666
0.429733846,0.429733846,0.554013535
0.969367186,0.969367186,2.819018226
0.458618055,0.458618055,0.630991562
0.348644589,0.348644589,0.364659147
0.658836215,0.658836215,1.302195473
0.513271923,0.513271923,0.790344202
0.916198343,0.916198343,2.51825821
0.059374362,0.059374362,0.010575945
0.672741053,0.672741053,1.357741574
0.347721047,0.347721047,0.36272978
0.172101764,0.172101764,0.088857052
0.564690554,0.564690554,0.956626265
0.922724499,0.922724499,2.554261504
0.870790503,0.870790503,2.274828299
0.591025776,0.591025776,1.047934403
0.591683171,0.591683171,1.050266925
0.711792226,0.711792226,1.519944518
0.927049526,0.927049526,2.578262471
0.997707851,0.997707851,2.986262871
0.712725331,0.712725331,1.523932193
0.621324004,0.621324004,1.158130555
0.581716869,0.581716869,1.015183546
0.744503092,0.744503092,1.662854561
0.44419053,0.44419053,0.591915681
0.761690415,0.761690415,1.740516863
0.216228273,0.216228273,0.140263998
0.513301065,0.513301065,0.79043395
0.829619206,0.829619206,2.064804083
0.821640774,0.821640774,2.025280684
0.428338478,0.428338478,0.550421555
0.736914515,0.736914515,1.629129005
0.064347915,0.064347915,0.012421962
0.251311095,0.251311095,0.1894718
0.251678263,0.251678263,0.190025844
0.789636689,0.789636689,1.870578302
0.794823916,0.794823916,1.895235171
0.900463363,0.900463363,2.432502804
0.805995319,0.805995319,1.948885365
0.100797785,0.100797785,0.030480581
0.786197817,0.786197817,1.854321024
0.252527883,0.252527883,0.191310995
0.507861825,0.507861825,0.773770901
0.356235294,0.356235294,0.380710754
0.530029984,0.530029984,0.842795352
0.521665963,0.521665963,0.816406132
0.1843646,0.1843646,0.101970917
0.917520976,0.917520976,2.525534226
0.966283082,0.966283082,2.801108986
0.525037498,0.525037498,0.826993124
0.83000613,0.83000613,2.066730529
0.754954872,0.754954872,1.709870577
0.543699951,0.543699951,0.886828909
0.951685925,0.951685925,2.717118297
0.592362619,0.592362619,1.052680417
0.399489832,0.399489832,0.478776378
0.677792267,0.677792267,1.37820707
0.561414865,0.561414865,0.945559952
0.207569555,0.207569555,0.12925536
0.010011874,0.010011874,0.000300713
0.90762567,0.90762567,2.471353073
0.260074574,0.260074574,0.202916353
0.156789516,0.156789516,0.073748857
0.370728919,0.370728919,0.412319793
0.003466557,0.003466557,3.61E-05
0.115254031,0.115254031,0.039850475
0.757092215,0.757092215,1.719565868
0.835483003,0.835483003,2.094095547
0.002634806,0.002634806,2.08E-05
0.737518392,0.737518392,1.631800135
0.519087659,0.519087659,0.808355993
0.155860707,0.155860707,0.07287768
0.421413318,0.421413318,0.532767554
0.338617095,0.338617095,0.343984612
0.053936334,0.053936334,0.008727384
0.645032197,0.645032197,1.248199606
0.675108738,0.675108738,1.367315423
0.478085742,0.478085742,0.685697931
0.763480084,0.763480084,1.748705518
0.024175384,0.024175384,0.001753348
0.670229155,0.670229155,1.34762136
0.693183506,0.693183506,1.441510121
0.895722024,0.895722024,2.406953833
0.068918189,0.068918189,0.01424915
0.061364424,0.061364424,0.011296778
0.233604903,0.233604903,0.163713752
0.558697909,0.558697909,0.936430061
0.767638907,0.767638907,1.767808473
0.740696873,0.740696873,1.645895574
0.887577121,0.887577121,2.363379438
0.427677382,0.427677382,0.548723829
0.766284745,0.766284745,1.761576932
0.938521454,0.938521454,2.64246756
0.582774076,0.582774076,1.018876869
0.672998499,0.672998499,1.358780939
0.297934976,0.297934976,0.266295751
0.776657555,0.776657555,1.809590875
0.293165444,0.293165444,0.257837933
0.263259346,0.263259346,0.20791645
0.52110092,0.52110092,0.814638506
0.926776541,0.926776541,2.57674427
0.34274425,0.34274425,0.352420862
0.350392609,0.350392609,0.368324941
0.219276282,0.219276282,0.144246264
0.280241697,0.280241697,0.235606226
0.433178956,0.433178956,0.562932025
0.120457336,0.120457336,0.043529909
0.134141129,0.134141129,0.053981527
0.656317526,0.656317526,1.292258085
0.354313554,0.354313554,0.376614283
0.666137394,0.666137394,1.331217082
0.237169686,0.237169686,0.16874838
0.812047411,0.812047411,1.978262991
0.98453664,0.98453664,2.907937185
0.936521872,0.936521872,2.631219648
0.021452179,0.021452179,0.001380588
0.026111159,0.026111159,0.002045378
0.428956157,0.428956157,0.552010153
0.215665544,0.215665544,0.13953488
0.476420743,0.476420743,0.680930174
0.561661656,0.561661656,0.946391447
0.626512989,0.626512989,1.177555575
0.092830658,0.092830658,0.025852593
0.34032993,0.34032993,0.347473384
0.69084262,0.69084262,1.431790575
0.568888727,0.568888727,0.970903151
0.53200997,0.53200997,0.849103824
0.352468459,0.352468459,0.372702044
0.320037358,0.320037358,0.307271732
0.52058328,0.52058328,0.813020855
0.137117982,0.137117982,0.056404023
0.349566912,0.349566912,0.366591077
0.261085542,0.261085542,0.20449698
0.46516428,0.46516428,0.649133421
0.420595289,0.420595289,0.530701191
0.103464094,0.103464094,0.032114456
0.210632839,0.210632839,0.133098579
0.448553114,0.448553114,0.603599688
0.846646663,0.846646663,2.150431717
0.238146407,0.238146407,0.170141133
0.406556054,0.406556054,0.495863476
0.879829924,0.879829924,2.322302088
0.478035584,0.478035584,0.685554058
0.280609382,0.280609382,0.236224876
0.407379393,0.407379393,0.497873909
0.422994997,0.422994997,0.536774304
0.142580265,0.142580265,0.060987396
0.740714364,0.740714364,1.645973305
0.220528373,0.220528373,0.14589829
0.640877698,0.640877698,1.232172671
0.988588678,0.988588678,2.931922726
0.516951448,0.516951448,0.801716398
0.012353732,0.012353732,0.000457844
0.958403238,0.958403238,2.7556103
0.569589672,0.569589672,0.973297182
0.218748765,0.218748765,0.143553066
0.595318025,0.595318025,1.063210653
0.6478568,0.6478568,1.259155298
0.122749402,0.122749402,0.045202247
0.942731014,0.942731014,2.666225293
0.684686615,0.684686615,1.406387284
0.595200493,0.595200493,1.062790881
0.534725993,0.534725993,0.857795664
0.605957994,0.605957994,1.10155527
0.656981077,0.656981077,1.294872409
0.053504692,0.053504692,0.008588256
0.396514432,0.396514432,0.471671083
0.163696252,0.163696252,0.080389389
0.66304872,0.66304872,1.318900814
0.581518854,0.581518854,1.014492531
0.284012569,0.284012569,0.241989418
0.81755968,0.81755968,2.005211492
0.407372603,0.407372603,0.497857313
0.550298958,0.550298958,0.908486829
0.963817626,0.963817626,2.786833249
0.182895115,0.182895115,0.10035187
0.865902854,0.865902854,2.249363257
0.008217463,0.008217463,0.00020258
0.519954618,0.519954618,0.811058415
0.50823602,0.50823602,0.774911555
0.052426241,0.052426241,0.008245532
0.33234285,0.33234285,0.33135531
0.135973612,0.135973612,0.05546647
0.620412296,0.620412296,1.154734249
0.127532472,0.127532472,0.048793594
0.131633739,0.131633739,0.051982323
0.632140575,0.632140575,1.19880512
0.95297339,0.95297339,2.724474848
0.77335821,0.77335821,1.794248765
0.247395365,0.247395365,0.1836134
0.395546396,0.395546396,0.469370854
0.345613567,0.345613567,0.358346212
0.951323666,0.951323666,2.715050151
0.395206221,0.395206221,0.468563871
0.525726718,0.525726718,0.829165748
0.844831629,0.844831629,2.141221444
0.050249243,0.050249243,0.007574959
0.117734113,0.117734113,0.041583964
0.512704427,0.512704427,0.788597489
0.508231747,0.508231747,0.774898525
0.378811285,0.378811285,0.430493968
0.11427284,0.11427284,0.039174846
0.41729034,0.41729034,0.522393685
0.594245112,0.594245112,1.059381758
0.722563054,0.722563054,1.566292102
0.422431628,0.422431628,0.535345442
0.004208987,0.004208987,5.31E-05
0.534484608,0.534484608,0.857021389
0.191792019,0.191792019,0.110352535
0.817474849,0.817474849,2.004795386
0.497772503,0.497772503,0.743332393
0.654552075,0.654552075,1.285315258
0.588245146,0.588245146,1.038097054
0.405152238,0.405152238,0.492445007
0.993763843,0.993763843,2.962699727
0.906296592,0.906296592,2.464120537
0.361072963,0.361072963,0.391121054
0.934824988,0.934824988,2.621693273
0.408785479,0.408785479,0.501316703
0.981362442,0.981362442,2.889216726
0.517973206,0.517973206,0.804888727
0.846111507,0.846111507,2.147714049
0.650966883,0.650966883,1.271273648
0.736602031,0.736602031,1.627747657
0.808464975,0.808464975,1.960846847
0.282935623,0.282935623,0.2401577
0.812746732,0.812746732,1.98167175
0.492667583,0.492667583,0.728164042
0.516203442,0.516203442,0.799397982
0.248851663,0.248851663,0.18578145
0.100573488,0.100573488,0.03034508
0.868028207,0.868028207,2.260418907
0.126991629,0.126991629,0.048380622
0.743721333,0.743721333,1.659364262
0.806320168,0.806320168,1.950456641
0.213562638,0.213562638,0.136827001
0.540649349,0.540649349,0.876905155
0.601949187,0.601949187,1.087028472
0.531064751,0.531064751,0.84608931
0.034214515,0.034214515,0.003511899
0.931548247,0.931548247,2.603346411
0.88150192,0.88150192,2.331136905
0.727355432,0.727355432,1.587137775
0.447602353,0.447602353,0.6010436
0.014075595,0.014075595,0.000594367
0.918937418,0.918937418,2.533337933
0.648355345,0.648355345,1.26109396
0.564701555,0.564701555,0.956663538
0.624123595,0.624123595,1.168590787
0.418615183,0.418615183,0.525716015
0.535268109,0.535268109,0.859535845
0.014058284,0.014058284,0.000592906
0.677496467,0.677496467,1.377004386
0.31223104,0.31223104,0.292464667
0.016977697,0.016977697,0.000864727
0.127296218,0.127296218,0.048612981
0.613741649,0.613741649,1.130036436
0.984598607,0.984598607,2.908303248
0.23668565,0.23668565,0.168060291
0.492709432,0.492709432,0.728287752
0.843036657,0.843036657,2.132132416
0.749963103,0.749963103,1.687333969
0.852564583,0.852564583,2.180599107
0.501369537,0.501369537,0.754114238
0.341517792,0.341517792,0.349903206
0.678051789,0.678051789,1.379262686
0.778064715,0.778064715,1.816154103
0.919636902,0.919636902,2.537196095
0.115734312,0.115734312,0.040183293
0.59071064,0.59071064,1.046817182
0.726664897,0.726664897,1.584125616
0.754972003,0.754972003,1.709948176
0.762482181,0.762482181,1.74413723
0.910819081,0.910819081,2.488774194
0.003801133,0.003801133,4.33E-05
0.559922528,0.559922528,0.940539713
0.417224013,0.417224013,0.522227631
0.419609561,0.419609561,0.528216551
0.761361846,0.761361846,1.739015579
0.868587017,0.868587017,2.263330221
0.752283803,0.752283803,1.697792761
0.49484711,0.49484711,0.734620987
0.198149653,0.198149653,0.117789855
0.476873028,0.476873028,0.682223654
0.08123285,0.08123285,0.019796328
0.784189145,0.784189145,1.844857848
0.455825443,0.455825443,0.623330504
0.373175689,0.373175689,0.417780284
0.105611355,0.105611355,0.033461275
0.111597109,0.111597109,0.037361745
0.784492702,0.784492702,1.846286397
0.131074822,0.131074822,0.051541827
0.454910139,0.454910139,0.620829705
0.916773489,0.916773489,2.521420888
0.428851216,0.428851216,0.551740096
0.922437326,0.922437326,2.552671863
0.571147783,0.571147783,0.97862937
0.565886836,0.565886836,0.960683734
0.253492736,0.253492736,0.192775701
0.29213666,0.29213666,0.256031485
0.725581514,0.725581514,1.579405599
0.012648394,0.012648394,0.000479946
0.224044188,0.224044188,0.150587394
0.280779142,0.280779142,0.23651078
0.140305046,0.140305046,0.059056517
0.497416562,0.497416562,0.742269709
0.915917923,0.915917923,2.516716925
0.370386193,0.370386193,0.411557796
0.657737468,0.657737468,1.29785573
0.029589376,0.029589376,0.002626594
0.548316782,0.548316782,0.90195388
0.518648469,0.518648469,0.806988702
0.828722602,0.828722602,2.060343453
0.725166833,0.725166833,1.577600807
0.427009152,0.427009152,0.547010447
0.726860282,0.726860282,1.584977609
0.261886799,0.261886799,0.205754087
0.930903583,0.930903583,2.599744442
0.501950511,0.501950511,0.755862946
0.609867304,0.609867304,1.115814387
0.353461836,0.353461836,0.374805808
0.392775287,0.392775287,0.462817279
0.107232185,0.107232185,0.034496224
0.501440231,0.501440231,0.754326917
0.05461736,0.05461736,0.008949168
0.620534306,0.620534306,1.155188473
0.009025559,0.009025559,0.000244382
0.823538917,0.823538917,2.034649043
0.914267716,0.914267716,2.507656371
0.09005293,0.09005293,0.024328591
0.542212599,0.542212599,0.881983507
0.314787821,0.314787821,0.297274117
0.786421956,0.786421956,1.855378479
0.770803769,0.770803769,1.782415351
0.340074699,0.340074699,0.346952404
0.608376988,0.608376988,1.110367679
0.055499676,0.055499676,0.009240642
0.595112098,0.595112098,1.062475228
0.742897601,0.742897601,1.655690535
0.289590105,0.289590105,0.251587287
0.072355815,0.072355815,0.015706092
0.231651745,0.231651745,0.160987593
0.048223823,0.048223823,0.006976611
0.11433592,0.11433592,0.039218108
0.329324247,0.329324247,0.32536338
0.40923868,0.40923868,0.502428893
0.70600864,0.70600864,1.495344598
0.62457912,0.62457912,1.170297231
0.994737873,0.994737873,2.96851031
0.638617301,0.638617301,1.223496173
0.717952369,0.717952369,1.546366815
0.753963886,0.753963886,1.705384624
0.723022894,0.723022894,1.568286317
0.361394736,0.361394736,0.391818467
0.213856214,0.213856214,0.137203441
0.055161865,0.055161865,0.009128494
0.7632311,0.7632311,1.747565134
0.317781149,0.317781149,0.302954576
0.992615536,0.992615536,2.955856808
0.356687933,0.356687933,0.381678844
0.256663205,0.256663205,0.197628003
0.990711243,0.990711243,2.944526301
0.494236045,0.494236045,0.732807804
0.577798031,0.577798031,1.001551693
0.23385511,0.23385511,0.164064638
0.899986861,0.899986861,2.429929052
0.827299738,0.827299738,2.053274569
0.745681381,0.745681381,1.668122165
0.188088814,0.188088814,0.106132206
0.957941441,0.957941441,2.752955414
0.480081655,0.480081655,0.691435186
0.135128019,0.135128019,0.054778745
0.579040952,0.579040952,1.005865271
0.973379644,0.973379644,2.842403793
0.25251852,0.25251852,0.191296809
0.699508284,0.699508284,1.467935519
0.164911088,0.164911088,0.081587001
0.497921687,0.497921687,0.743778018
0.294116603,0.294116603,0.259513729
0.319854298,0.319854298,0.306920315
0.267669708,0.267669708,0.214941218
0.528916718,0.528916718,0.839258685
0.416613607,0.416613607,0.520700694
0.292539183,0.292539183,0.256737521
0.887747748,0.887747748,2.364288191
0.242213431,0.242213431,0.176002039
0.183420236,0.183420236,0.100928948
0.725017198,0.725017198,1.576949811
0.969502898,0.969502898,2.819807608
0.820638282,0.820638282,2.02034157
0.017635693,0.017635693,0.000933053
0.454092002,0.454092002,0.618598638
0.576547342,0.576547342,0.997220512
0.98650229,0.98650229,2.919560307
0.328022388,0.328022388,0.322796061
0.259046631,0.259046631,0.201315471
0.394759921,0.394759921,0.467506187
0.720924042,0.720924042,1.559194424
0.110449419,0.110449419,0.036597222
0.461173406,0.461173406,0.638042732
0.669730411,0.669730411,1.345616469
0.221784523,0.221784523,0.147565124
0.450866228,0.450866228,0.609841067
0.84066184,0.84066184,2.120136986
0.424315265,0.424315265,0.540130331
0.238268229,0.238268229,0.170315247
0.583183357,0.583183357,1.020308485
0.958309971,0.958309971,2.755074001
0.27522841,0.27522841,0.227252032
0.152968146,0.152968146,0.070197761
0.047142961,0.047142961,0.006667376
0.911773693,0.911773693,2.4939938
0.476720438,0.476720438,0.681787127
0.486052781,0.486052781,0.708741917
0.765774108,0.765774108,1.759229952
0.864487331,0.864487331,2.242015037
0.650136354,0.650136354,1.268031836
0.340112992,0.340112992,0.347030541
0.298143271,0.298143271,0.266668229
0.357708925,0.357708925,0.383867025
0.167080666,0.167080666,0.083747846
0.892344798,0.892344798,2.388837716
0.482092442,0.482092442,0.697239367
0.304452978,0.304452978,0.278074847
0.803598848,0.803598848,1.937313323
0.118678714,0.118678714,0.042253912
0.57696035,0.57696035,0.998649735
0.434873267,0.434873267,0.567344274
0.399317814,0.399317814,0.47836415
0.82930662,0.82930662,2.06324841
0.85505341,0.85505341,2.193349002
0.566688631,0.566688631,0.963408013
0.515931404,0.515931404,0.798555642
0.418127984,0.418127984,0.524493032
0.206404544,0.206404544,0.127808507
0.277612178,0.277612178,0.231205564
0.854120641,0.854120641,2.188566206
0.600992751,0.600992751,1.083576859
0.708770844,0.708770844,1.507068328
0.402970694,0.402970694,0.487156142
0.402982751,0.402982751,0.487185292
0.821586596,0.821586596,2.025013605
0.352677699,0.352677699,0.373144678
0.278430195,0.278430195,0.23257012
0.795645352,0.795645352,1.899154579
0.303609528,0.303609528,0.276536236
0.395567543,0.395567543,0.469421043
0.258981554,0.258981554,0.201214336
0.115241893,0.115241893,0.039842082
0.300730662,0.300730662,0.271316794
0.738344085,0.738344085,1.635455962
0.025174468,0.025174468,0.001901262
0.336069623,0.336069623,0.338828374
0.737109805,0.737109805,1.629992596
0.209567209,0.209567209,0.131755245
0.933282738,0.933282738,2.613050008
0.111276009,0.111276009,0.037147051
0.846175121,0.846175121,2.148037006
0.336103488,0.336103488,0.338896665
0.751032642,0.751032642,1.69215009
0.81207316,0.81207316,1.978388451
0.71107977,0.71107977,1.516903319
0.256954453,0.256954453,0.198076773
0.151583137,0.151583137,0.068932342
0.84109855,0.84109855,2.122340315
0.57253609,0.57253609,0.983392725
0.844537814,0.844537814,2.139732357
0.362437946,0.362437946,0.394083794
0.241889486,0.241889486,0.17553157
0.39117366,0.39117366,0.459050497
0.273748087,0.273748087,0.224814046
0.932993092,0.932993092,2.611428329
0.536176911,0.536176911,0.86245704
0.829907683,0.829907683,2.066240289
0.4944012,0.4944012,0.73329764
0.761634756,0.761634756,1.740262506
0.980532862,0.980532862,2.884334083
0.859775937,0.859775937,2.217643986
0.027601874,0.027601874,0.00228559
0.682376839,0.682376839,1.396914451
0.14577406,0.14577406,0.063750229
0.432471722,0.432471722,0.561095371
0.296101896,0.296101896,0.263028999
